{
    "CO2":
    {
        "Tlow"           : 200                                                                                       ,
        "Thigh"          : 3500                                                                                      ,
        "Tcommon"        : 1000                                                                                      ,
        "highCpCoeffs"   : [ 3.54461, 0.00501221, -2.64865e-06, 6.6516e-10 , -6.42432e-14, -48628  , 4.01017 ]       ,
        "lowCpCoeffs"    : [ 2.11557, 0.0107284 , -1.12229e-05, 6.38131e-09, -1.49328e-12, -48342.1, 10.9044 ]       
    },
    
    "O2":
    {                                                                                                          
        "Tlow"           : 200                                                                                       ,
        "Thigh"          : 3500                                                                                      ,
        "Tcommon"        : 1000                                                                                      ,
        "highCpCoeffs"   : [ 2.59418, 0.00301294  , -1.93158e-06, 5.84246e-10 , -6.41586e-14, -861.8  , 9.1475  ]    ,
        "lowCpCoeffs"    : [ 3.46762, -0.000480817, 3.30904e-06 , -2.90951e-09, 8.09279e-13 , -1036.49, 4.93366 ]    
    },
    
    "N2":
    {
        "Tlow"           : 200                                                                                       ,
        "Thigh"          : 3500                                                                                      ,
        "Tcommon"        : 1000                                                                                      ,
        "highCpCoeffs"   : [2.86445 ,0.00155307  ,-5.90242e-07 ,1.04544e-10 ,-7.10939e-15 ,-887.27  ,6.36509 ]       ,
        "lowCpCoeffs"    : [3.75301 ,-0.00200117 ,4.74112e-06  ,-3.4497e-09 ,8.81451e-13  ,-1064.98 ,2.0783  ]        
    },
    
    "H2O":
    {
        "Tlow"           : 200                                                                                       ,
        "Thigh"          : 3500                                                                                      ,
        "Tcommon"        : 1000                                                                                      ,
        "highCpCoeffs"   : [ 3.30589 ,0.00174342  ,5.12337e-08 ,-1.4631e-10  ,2.14519e-14 ,-30120.6 ,3.43022   ]     ,
        "lowCpCoeffs"    : [ 4.17881 ,-0.00174828 ,5.28878e-06 ,-3.63801e-09 ,8.94377e-13 ,-30295.1 ,-0.781134 ]
    },
    
    "NH3":
    {                    
        "Tlow"           : 200                                                                                       ,
        "Thigh"          : 3500                                                                                      ,
        "Tcommon"        : 1000                                                                                      ,
        "highCpCoeffs"   : [ 2.17001 ,0.00676364 ,-2.64201e-06 ,5.26179e-10  ,-4.21543e-14 ,-6356.34 ,9.03526 ]      ,
        "lowCpCoeffs"    : [ 3.58777 ,0.00109259 ,5.86456e-06  ,-5.14487e-09 ,1.37561e-12  ,-6639.89 ,2.19538 ]
    },                   
                         
    "H2":                
    {                    
        "Tlow"           : 200                                                                                        ,
        "Thigh"          : 3500                                                                                       ,
        "Tcommon"        : 1000                                                                                       ,
        "highCpCoeffs"   : [ 4.06078 ,-0.00167368 ,1.75993e-06  ,-5.8643e-10 ,6.65899e-14  ,-1188.64 ,-7.08382 ]      ,
        "lowCpCoeffs"    : [ 2.9831  ,0.00263702  ,-4.70611e-06 ,3.72427e-09 ,-1.01108e-12 ,-973.109 ,-1.88467 ]
    },                   
                         
    "IC8H18":            
    {                    
        "Tlow"           : 300                                                                                        ,
        "Thigh"          : 3500                                                                                       ,
        "Tcommon"        : 1000                                                                                       ,
        "highCpCoeffs"   : [ 10.3589  ,0.0653807 ,-2.87397e-05 ,6.34406e-09 ,-5.66454e-13 ,-33894.6 ,-28.1976 ]       ,
        "lowCpCoeffs"    : [ -10.5272 ,0.148925  ,-0.000154056 ,8.98885e-08 ,-2.14526e-11 ,-29717.4 ,72.5658  ]
    },
    
    "CH4":
    {
        "Tlow"           : 300                                                                                         ,
        "Thigh"          : 3500                                                                                        ,
        "Tcommon"        : 1000                                                                                        ,
        "highCpCoeffs"   : [ -0.103345 ,0.0137591  ,-6.07522e-06 ,1.38758e-09  ,-1.24975e-13 ,-9394.93 ,19.4243 ]      ,
        "lowCpCoeffs"    : [ 2.95013   ,0.00154521 ,1.22456e-05  ,-1.08263e-08 ,2.9285e-12   ,-10005.6 ,4.69306 ]
    },
    
    "CH3O":
    {
        "Tlow"            : 300                                                                                         ,
        "Thigh"           : 3500                                                                                        ,
        "Tcommon"         : 1000                                                                                        ,
        "highCpCoeffs"    : [ 2.41318  ,0.0122101 ,-6.11029e-06 ,1.46676e-09 ,-1.37436e-13 ,1248.67 ,10.8491 ]          ,
        "lowCpCoeffs"     : [ 0.265212 ,0.020802  ,-1.89981e-05 ,1.00587e-08 ,-2.28541e-12 ,1678.26 ,21.2118 ]
    }
}
