{
    "CO2":
    {
        "gamma"      : 1.2878585828899727,
        "hf"      : -8940327.366315104
    },
    
    "O2":
    {                                   
        "gamma"      : 1.392511070218697,
        "hf"      : 0.0
    },
    
    "N2":
    {
        "gamma"      : 1.4010666077031906,
        "hf"      : 0.0
    },
    
    "H2O":
    {
        "gamma"      : 1.3291265248253092,
        "hf"      : -13424491.453921413
    },
    
    "NH3":
    {                    
        "gamma"      : 1.3021733027307096,
        "hf"      : -2674990.2173857256
    },                   
                         
    "H2":                
    {                    
        "gamma"      : 1.4095503608078812,
        "hf"      : 0.0
    },                   
                         
    "IC8H18":            
    {                    
        "gamma"      : 1.0467441073504933,
        "hf"      : -1996542.4702997417
    },
    
    "CH4":
    {
        "gamma"      : 1.3090623440191818,
        "hf"      : -4648367.6867435
    },
    
    "CH3O":
    {
        "gamma"      : 1.2483204679735713,
        "hf"      : 678592.4608997101
    }
}
